-- Script for Assignment 5  Fall 2022

-- Creating database with full name

CREATE DATABASE aditcamassignment5;


-- Connecting to database 
\c aditcamassignment5

-- Relation schemas and instances for assignment 5


CREATE TABLE Student(sid integer,
                     sname text,
                     birthYear integer,
                     primary key (sid));

CREATE TABLE Book(bno integer,
                  title text,
                  price integer,
                  primary key (bno));

CREATE TABLE Major(major text,
                   primary key (major));


CREATE TABLE Buys(sid integer,
                  bno integer,
                  primary key (sid,bno),
                  foreign key (sid) references Student(sid),
                  foreign key (bno) references Book(bno));


CREATE TABLE hasMajor(sid integer,
                      major text,
                      primary key (sid, major),
                      foreign key (sid) references Student (sid),
                      foreign key (major) references Major (major));


CREATE TABLE Cites(bno1 integer,
                   bno2 integer,
                   primary key (bno1,bno2),
                   foreign key (bno1) references Book(bno),
                   foreign key (bno2) references Book(bno));



INSERT INTO Student VALUES
 (1001,'Jean',1999),
 (1002,'Vidya',1999),
 (1003,'Anna',2001),
 (1004,'Qin',2001),
 (1005,'Megan',1999),
 (1006,'Ryan',1995),
 (1007,'Danielle',1997),
 (1008,'Emma',2000),
 (1009,'Hasan',2000),
 (1010,'Linda',1995),
 (1011,'Nick',1999),
 (1012,'Eric',1999),
 (1013,'Lisa',1998),
 (1014,'Deepa',2000),
 (1015,'Chris',1998),
 (1016,'YinYue',1995),
 (1017,'Latha',1997),
 (1018,'Arif',2000),
 (1019,'John',2003),
 (1020,'Margaret',1997);


INSERT INTO Book VALUES
 (2001,'Databases',20),
 (2002,'AI',20),
 (2003,'DataScience',25),
 (2004,'Databases',25),
 (2005,'Programming',30),
 (2006,'Complexity',30),
 (2007,'AI',20),
 (2008,'Algorithms',40),
 (2009,'Networks',40),
 (2010,'AI',30),
 (2011,'Logic',25),
 (2012,'Physics',45),
 (2013,'Physics',30);



INSERT INTO Buys VALUES
 (1003,2001),
 (1010,2007),
 (1011,2010),
 (1014,2007),
 (1010,2005),
 (1011,2003),
 (1008,2006),
 (1009,2003),
 (1006,2003),
 (1007,2008),
 (1017,2004),
 (1017,2003),
 (1004,2001),
 (1007,2006),
 (1005,2007),
 (1005,2011),
 (1013,2004),
 (1002,2009),
 (1009,2011),
 (1018,2011),
 (1015,2004),
 (1001,2011),
 (1013,2006),
 (1015,2002),
 (1005,2002),
 (1008,2009),
 (1014,2009),
 (1002,2002),
 (1001,2002),
 (1009,2001),
 (1006,2006),
 (1015,2007),
 (1019,2008),
 (1006,2002),
 (1018,2008),
 (1003,2004),
 (1006,2011),
 (1013,2005),
 (1003,2010),
 (1008,2008),
 (1007,2009),
 (1016,2008),
 (1011,2002),
 (1004,2005),
 (1004,2009),
 (1006,2010),
 (1001,2010),
 (1001,2006),
 (1009,2010),
 (1019,2002),
 (1004,2010),
 (1018,2010),
 (1009,2006),
 (1008,2003),
 (1018,2005),
 (1004,2002),
 (1011,2004),
 (1007,2002),
 (1015,2005),
 (1012,2001),
 (1017,2010),
 (1002,2001),
 (1016,2010),
 (1010,2003),
 (1003,2008),
 (1017,2005),
 (1016,2006),
 (1011,2007),
 (1006,2009),
 (1001,2005),
 (1007,2005),
 (1005,2004),
 (1013,2008),
 (1005,2008),
 (1004,2011),
 (1009,2009),
 (1013,2001),
 (1015,2006),
 (1003,2002),
 (1016,2001),
 (1006,2007),
 (1016,2011),
 (1006,2008),
 (1007,2003),
 (1015,2003),
 (1011,2011),
 (1010,2006),
 (1012,2009),
 (1001,2001),
 (1011,2001),
 (1013,2002),
 (1012,2007),
 (1002,2010),
 (1012,2010),
 (1001,2007),
 (1005,2003),
 (1011,2005),
 (1014,2011),
 (1011,2006),
 (1009,2002),
 (1008,2001),
 (1002,2003),
 (1002,2005),
 (1009,2008),
 (1008,2002),
 (1006,2001),
 (1008,2007),
 (1012,2002),
 (1017,2008),
 (1019,2009),
 (1010,2010),
 (1003,2011),
 (1017,2006),
 (1013,2011),
 (1006,2004),
 (1016,2004),
 (1019,2001),
 (1002,2006),
 (1018,2006),
 (1010,2009),
 (1010,2008),
 (1003,2007),
 (1009,2007),
 (1002,2007),
 (1018,2009),
 (1004,2004),
 (1018,2001),
 (1007,2001),
 (1004,2003),
 (1010,2001),
 (1008,2010),
 (1008,2005),
 (1015,2001),
 (1012,2003),
 (1005,2006),
 (1007,2010),
 (1010,2004),
 (1015,2010),
 (1017,2002),
 (1013,2003),
 (1001,2008),
 (1016,2002),
 (1005,2005),
 (1016,2009),
 (1012,2004),
 (1009,2004),
 (1020,2012),
 (1020,2013);



INSERT INTO Major VALUES
   ('CS'),
   ('DataScience'),
   ('Math'),
   ('Physics'),
   ('Chemistry'),
   ('English');

INSERT INTO hasMajor VALUES
 (1001,'CS'),
 (1001,'DataScience'),
 (1002,'CS'),
 (1002,'DataScience'),
 (1004,'DataScience'),
 (1004,'CS'),
 (1005,'DataScience'),
 (1005,'CS'),
 (1005,'Math'),
 (1006,'CS'),
 (1006,'Physics'),
 (1007,'Physics'),
 (1007,'CS'),
 (1009,'Physics'),
 (1009,'Math'),
 (1010,'Math'),
 (1011,'Math'),
 (1011,'Physics'),
 (1011,'DataScience'),
 (1011,'CS'),
 (1012,'DataScience'),
 (1012,'Physics'),
 (1012,'CS'),
 (1013,'CS'),
 (1013,'Physics'),
 (1013,'Math'),
 (1014,'Physics'),
 (1014,'DataScience'),
 (1014,'Math'),
 (1015,'CS'),
 (1015,'DataScience'),
 (1016,'Physics'),
 (1016,'DataScience'),
 (1017,'Math'),
 (1017,'CS'),
 (1018,'DataScience'),
 (1019,'Math'),
 (1020,'Chemistry');


INSERT INTO Cites VALUES
 (2004,2003),
 (2006,2003),
 (2009,2003),
 (2009,2004),
 (2009,2006),
 (2008,2007),
 (2010,2008),
 (2010,2007),
 (2010,2003),
 (2002,2001),
 (2009,2001),
 (2011,2003),
 (2011,2005),
 (2001,2004),
 (2012,2013);

create or replace view studentBuysBooks as
   select sid, array(select t.bno
                     from   Buys t
      	      	     where  t.sid = s.sid order by 1) as books
   from   Student s order by 1;

create or replace view bookBoughtByStudents as
   select bno, array(select t.sid
                     from   Buys t
      	      	     where  t.bno = b.bno order by 1) as students
   from   Book b order by 1;


create or replace view studentHasMajors as
   select sid, array(select hm.major
                     from   hasMajor hm
      	      	     where  hm.sid = s.sid order by 1) as majors
   from   Student s order by 1;


create or replace view majorOfStudents as
   select major, array(select hm.sid
                       from   hasMajor hm
      	      	       where  hm.major = m.major order by 1) as students
   from   Major m order by 1;


create or replace view bookCitesBooks as
   select bno, array(select c.bno2
                     from   Cites c
      	      	     where  c.bno1 = b.bno order by 1) as citedBooks
   from   Book b order by 1;


create or replace view bookCitedByBooks as
   select bno, array(select c.bno1
                     from   Cites c
      	      	     where  c.bno2 = b.bno order by 1) as citingBooks
   from   Book b order by 1;

-- We define the following functions and predicates

/*
Functions:
set_union(A,B)               A union B
set_intersection(A,B)        A intersection B
set_difference(A,B)          A - B
add_element(x,A)             {x} union A
remove_element(x,A)          A - {x}
make_singleton(x)            {x}
bag_to_set(A)                coerce a bag A to the corresponding set

Predicates:
is_in(x,A)                   x in A
is_not_in(x,A)               not(x in A)
is_empty(A)                  A is the emptyset
is_not_emptyset(A)           A is not the emptyset
subset(A,B)                  A is a subset of B
superset(A,B)                A is a super set of B
equal(A,B)                   A and B have the same elements
overlap(A,B)                 A intersection B is not empty
disjoint(A,B)                A and B are disjoint 
*/

-- Set Operations: union, intersection, difference

-- Set union $A \cup B$:
create or replace function set_union(A anyarray, B anyarray) 
returns anyarray as
$$
   select array(select unnest(A) union select unnest(B) order by 1);
$$ language sql;

-- Set intersection $A\cap B$:
create or replace function set_intersection(A anyarray, B anyarray) 
returns anyarray as
$$
   select array(select unnest(A) intersect select unnest(B) order by 1);
$$ language sql;

-- Set difference $A-B$:
create or replace function set_difference(A anyarray, B anyarray) 
returns anyarray as
$$
   select array(select unnest(A) except select unnest(B) order by 1);
$$ language sql;


-- Add element to set
create or replace function add_element(x anyelement, A anyarray) 
returns anyarray as
$$
   select bag_to_set(x || A);
$$ language sql;


-- Remove element from set
create or replace function remove_element(x anyelement, A anyarray) 
returns anyarray as
$$
   select array_remove(A, x);
$$ language sql;


-- Make singleton  x --->  {x}

create or replace function make_singleton(x anyelement) 
returns anyarray as
$$
   select add_element(x,'{}');
$$ language sql;


-- Bag operations

-- Bag union 
create or replace function bag_union(A anyarray, B anyarray) 
returns anyarray as
$$
   select A || B;
$$ language sql;

-- bag To set
create or replace function bag_to_set(A anyarray)
returns anyarray as
$$
   select array(select distinct unnest(A) order   by 1);
$$ language sql;


-- Set Predicates: set membership, set non membership, emptyset, subset, superset, overlap, disjoint

-- Set membership $x \in A$:
create or replace function is_in(x anyelement, A anyarray) 
returns boolean as
$$
   select x = SOME(A);
$$ language sql;

-- Set non membership $x \not\in A$:
create or replace function is_not_in(x anyelement, A anyarray) 
returns boolean as
$$
   select not(x = SOME(A));
$$ language sql;

-- emptyset test $A = \emptyset$:
create or replace function is_empty(A anyarray) 
returns boolean as
$$
   select A <@ '{}';
$$ language sql;


-- non emptyset test $A \neq \emptyset$:
create or replace function is_not_empty(A anyarray) 
returns boolean as
$$
   select not(A <@ '{}');
$$ language sql;

-- Subset test $A\subseteq B$:
create or replace function subset(A anyarray, B anyarray) 
returns boolean as
$$
   select A <@ B;
$$ language sql;

-- Superset test $A \supseteq B$:
create or replace function superset(A anyarray, B anyarray) 
returns boolean as
$$
   select A @> B;
$$ language sql;

-- Equality test $A = B$
create or replace function equal(A anyarray, B anyarray) 
returns boolean as
$$
   select A <@ B and A @> B;
$$ language sql;

-- Overlap test $A\cap B \neq \emptyset$:
create or replace function overlap(A anyarray, B anyarray) 
returns boolean as
$$
   select A && B;
$$ language sql;

-- Disjointness test $A\cap B = \emptyset$:
create or replace function disjoint(A anyarray, B anyarray) 
returns boolean as
$$
   select not A && B;
$$ language sql;



\qecho 'Problem 1'

-- Find the sid and name of each student who bought the most books.

select s.sid,s.sname
from student s
where CARDINALITY((select sbb.books
				 from studentbuysbooks sbb
				 where sbb.sid = s.sid)) = (select max(CARDINALITY(books)) from studentbuysbooks); 

\qecho 'Problem 2'

-- Find the sid and name of each student who bought the most books
-- that cost strictly more than $25.

with set_books_gt_25 as(
select bag_to_set(ARRAY(select bno from book where price>25)) as bno),
sid_books_gt_25 as (select sbb.sid,CARDINALITY(set_intersection(ARRAY(select * from set_books_gt_25),sbb.books)) as cnt_gt25
from studentbuysbooks sbb)
select sbg.sid,sname
from sid_books_gt_25 sbg
natural join student
where sbg.cnt_gt25 = (select max(cnt_gt25) from sid_books_gt_25);


where CARDINALITY(set_intersection(ARRAY(select * from set_books_lt_25),sbb.books)) = (select max(CARDINALITY(set_intersection(ARRAY(select * from set_books_lt_25),sbb1.books))) from studentbuysbooks sbb1);

select s.sid,s.sname
from student s

\qecho 'Problem 3'

-- Find the bno and title of each book that is bought by a student who is
-- (strictly) younger than each student who majors in Chemistry and who
-- also bought that book.

DROP function if exists student_condition;
create or replace function student_condition(A anyarray) 
returns boolean as
$$
   with chem_students as (
	   select unnest(set_intersection(bag_to_set(ARRAY(select sid 
	   		from studenthasmajors
	   		where is_in ('Chemistry',majors))),bag_to_set(A))) as sid
   ),
   non_chem_students as (
	   select unnest(set_intersection(bag_to_set(ARRAY(select sid 
	   from studenthasmajors
	   where is_not_in ('Chemistry',majors))),bag_to_set(A))) as sid
   ),
   chem_student_birthyear as (
	   select birthyear
	   from student natural join chem_students
   ),
   non_chem_student_birthyear as (
	   select birthyear
	   from student natural join non_chem_students
   )

	   select 
	   case 
	   when not exists(select * from non_chem_student_birthyear) then false
	   when not exists(select * from chem_student_birthyear) then true
	   else 
	   true = all(
		   select cs.birthyear > ncs.birthyear
		   from chem_student_birthyear cs cross join non_chem_student_birthyear ncs)
		end;
	
$$ language sql;

select bno, title from book natural join (select bbs.bno 
from bookboughtbystudents bbs
where student_condition(bbs.students)) t;


\qecho 'Problem 4'

-- Find each student-book pair (s, b) where s is the sid of a student who
-- majors in CS and who bought each book that costs no more than book b.

DROP function if exists books_under_price;
create or replace function books_under_price(book_price anyelement) 
returns anyarray as
$$
select bag_to_set(ARRAY(select bno from book where price <=book_price));
$$ language sql;


select b.bno, s.sid
from book b cross join student s natural join studenthasmajors shm
where is_in('CS',shm.majors) 
and subset((select books_under_price(b.price)),(select books from studentbuysbooks where sid = s.sid));

\qecho 'Problem 5'

-- Find the bno and title of each book that cites a book and that was
-- bought by a student who majors in CS but not in Math.

create or replace view math_ncs_books as (
	select bag_to_set(
		ARRAY(select unnest(sbb.books) from
		studentbuysbooks sbb
		natural join studenthasmajors
		where IS_IN('CS',majors) and is_not_in('Math',majors )
							   ))
);

select b.bno,b.title
from bookcitesbooks bcb natural join book b
where cardinality(set_intersection(bcb.citedbooks,ARRAY(select * from math_ncs_books)))>0;

\qecho 'Problem 6'

-- Find each (s, b) pair where s is the sid of a student who bought book
-- b and such that each other book bought by s is a book cited by b.

create or replace view student_books as (
	select sbb1.sid, unnest(sbb1.books) as bno
	from studentbuysbooks sbb1);

select sb.sid,sb.bno
from student_books sb
natural join studentbuysbooks sbb2
natural join bookcitesbooks bcb 
where equal(set_difference(sbb2.books,array(select sb.bno)),bcb.citedbooks);

\qecho 'Problem 7'

-- Find each major that is not a major of any person who bought a book
-- with title ‘Databases’ or ‘Complexity’.

\qecho 'Problem 8'

-- Find each major that is the major of at least three students who bought
-- a common book.


\qecho 'Problem 9'

-- Find each student who has no major in common with those of students
--  who bought a book with title ’Databases’ or ’AI’.

\qecho 'Problem 10'

-- Find the set of bnos of books that each cite strictly more than 4
-- books and that each are cited by fewer than 2 books. (So this query
-- returns only one object, i.e., the set of bnos specified in the
-- query.)

select array(select bcb.bno
from bookcitesbooks bcb
natural join bookcitedbybooks bcbb
where cardinality(bcb.citedbooks)>4 and cardinality(bcbb.citingbooks)<2) as books;

\qecho 'Problem 11'

-- Find the sid and name of each student who has all the majors of the
-- combined set of all majors of the oldest students who bought the book
-- with bno 2000.

drop view if exists majors_oldest_students_b2000;
create or replace view majors_oldest_students_b2000 as (
	with temp1 as (select distinct unnest(bbs.students) as sid
	from bookboughtbystudents bbs
	where bbs.bno = 2000),
	temp2 as (
		select s.sid
		from temp1 t1 natural join student s
		where s.birthyear = (select min(birthyear) from student)
	)
	select bag_to_set(array( select unnest(majors)
				 from studenthasmajors
				 natural join temp2 
				)) as majors
);

select * from majors_oldest_students_b2000;

select s.sid,s.sname,shm.majors
from student s natural join studenthasmajors shm
where exists(select * from majors_oldest_students_b2000) AND subset(array(select * from majors_oldest_students_b2000),shm.majors);

\qecho 'Problem 12'

-- Find the following set of sets
--  {M |M ⊆Major∧|M|≤3}.

\qecho 'Problem 13'

-- Reconsider Problem 12.
-- Let M denote the set {M | M ⊆ Major ∧ |M| ≤ 3}. Find the following set of sets
-- {X |X ⊆M∧|X|<= 2}.

\qecho 'Problem 14'


-- Let t be a number called a threshold. We say that an (unordered)
-- triple of different sids {s1, s2, s3} co-occur with frequency at least
-- t if there are at least t books who are each bought by the students
-- s1, s2, and s3.  Write a function coOccur(t integer) that returns the
-- (unordered) triples {s1, s2, s3} of bno that co-occur with frequency
-- at least t.  Test your coOccur function for t in the range [0, 3].

-- Data for problem 15 through 18

CREATE TABLE student (sid TEXT, sname TEXT, major TEXT, byear INT);
INSERT INTO student VALUES
('s100', 'Eric'  , 'CS'     , 1988),
('s101', 'Nick'  , 'Math'   , 1991),
('s102', 'Chris' , 'Biology', 1977),
('s103', 'Dinska', 'CS'     , 1978),
('s104', 'Zanna' , 'Math'   , 2001),
('s105', 'Vince' , 'CS'     , 2001);

CREATE TABLE course (cno TEXT, cname TEXT, dept TEXT);
INSERT INTO course VALUES
('c200', 'PL'      , 'CS'),
('c201', 'Calculus', 'Math'),
('c202', 'Dbs'     , 'CS'),
('c301', 'AI'      , 'CS'),
('c302', 'Logic'   , 'Philosophy');

CREATE TABLE enroll (sid TEXT, cno TEXT, grade TEXT);
insert into enroll values 
     ('s100','c200', 'A'),
     ('s100','c201', 'B'),
     ('s100','c202', 'A'),
     ('s101','c200', 'B'),
     ('s101','c201', 'A'),
     ('s102','c200', 'B'),
     ('s103','c201', 'A'),
     ('s101','c202', 'A'),
     ('s101','c301', 'C'),
     ('s101','c302', 'A'),
     ('s102','c202', 'A'),
     ('s102','c301', 'B'),
     ('s102','c302', 'A'),
     ('s104','c201', 'D');



\qecho 'Problem 15'


\qecho 'Problem 16'

\qecho 'Problem 16.a'

\qecho 'Problem 16.b'


\qecho 'Problem 17'


\qecho 'Problem 18'

\qecho 'Problem 18.a'

\qecho 'Problem 18.b'





-- Connect to default database
\c postgres

-- Drop database created for this assignment

DROP DATABASE aditcamassignment5;




